transaction_id,customer_id,counterparty_id,timestamp,amount,currency,origin_country,destination_country,payment_channel,payment_type,payment_category,device_id,originating_bank,network,beneficiary_bank,status,injected_pattern,screening_truth,investigation_label
SYN-TX-0000441,384,467,2026-01-01 09:09:37+00:00,1768.43,GBP,IN,GB,BRANCH,CARD,RETAIL,SYN-DEVICE-384,SYNTHETIC ORIGIN BANK,SIMULATED NETWORK,SYNTHETIC RECEIVING BANK,SETTLED,ordinary,0,0
SYN-TX-0001475,1733,390,2026-01-02 01:00:00+00:00,365.16,GBP,US,IN,MOBILE,TRANSFER,SERVICES,SYN-DEVICE-1733,SYNTHETIC ORIGIN BANK,SIMULATED NETWORK,SYNTHETIC RECEIVING BANK,SETTLED,night,0,1
SYN-TX-0002563,390,213,2026-01-03 06:02:03+00:00,4200.47,GBP,GB,SG,API,TRANSFER,RETAIL,SYN-DEVICE-390,SYNTHETIC ORIGIN BANK,SIMULATED NETWORK,SYNTHETIC RECEIVING BANK,SETTLED,deviation,0,1
SYN-TX-0002710,720,245,2026-01-03 01:00:00+00:00,110.07,GBP,US,IN,BRANCH,TRANSFER,SERVICES,SYN-DEVICE-720,SYNTHETIC ORIGIN BANK,SIMULATED NETWORK,SYNTHETIC RECEIVING BANK,SETTLED,night,0,0
SYN-TX-0002900,1584,461,2026-01-03 13:26:09+00:00,16768.81,GBP,US,DE,API,WIRE,RETAIL,SYN-DEVICE-1584,SYNTHETIC ORIGIN BANK,SIMULATED NETWORK,SYNTHETIC RECEIVING BANK,SETTLED,deviation,0,1
SYN-TX-0003047,528,371,2026-01-03 16:53:23+00:00,1002.19,GBP,US,US,WEB,TRANSFER,SERVICES,SYN-DEVICE-528,SYNTHETIC ORIGIN BANK,SIMULATED NETWORK,SYNTHETIC RECEIVING BANK,SETTLED,velocity,0,1
SYN-TX-0003092,272,412,2026-01-03 18:13:24+00:00,1209.75,GBP,SG,GB,API,CARD,SERVICES,SYN-DEVICE-272,SYNTHETIC ORIGIN BANK,SIMULATED NETWORK,SYNTHETIC RECEIVING BANK,SETTLED,new_beneficiary,0,0
SYN-TX-0003676,1805,71,2026-01-04 07:43:53+00:00,448.65,GBP,GB,QZ,MOBILE,WIRE,SERVICES,SYN-DEVICE-1805,SYNTHETIC ORIGIN BANK,SIMULATED NETWORK,SYNTHETIC RECEIVING BANK,SETTLED,velocity,0,1
SYN-TX-0004630,1872,476,2026-01-05 04:29:17+00:00,1142.83,GBP,DE,XZ,WEB,CARD,REMITTANCE,SYN-DEVICE-1872,SYNTHETIC ORIGIN BANK,SIMULATED NETWORK,SYNTHETIC RECEIVING BANK,SETTLED,geography,0,1
SYN-TX-0004747,1423,514,2026-01-05 06:59:21+00:00,9800.53,GBP,IN,XZ,BRANCH,TRANSFER,REMITTANCE,SYN-DEVICE-1423,SYNTHETIC ORIGIN BANK,SIMULATED NETWORK,SYNTHETIC RECEIVING BANK,SETTLED,threshold,0,1
SYN-TX-0005077,1510,253,2026-01-05 01:00:00+00:00,177.8,GBP,US,US,API,CARD,RETAIL,SYN-DEVICE-1510,SYNTHETIC ORIGIN BANK,SIMULATED NETWORK,SYNTHETIC RECEIVING BANK,SETTLED,night,0,1
SYN-TX-0005470,1906,219,2026-01-05 22:43:03+00:00,8999.88,GBP,US,GB,MOBILE,TRANSFER,REMITTANCE,SYN-DEVICE-1906,SYNTHETIC ORIGIN BANK,SIMULATED NETWORK,SYNTHETIC RECEIVING BANK,SETTLED,new_beneficiary,0,1
SYN-TX-0005499,534,190,2026-01-05 23:32:00+00:00,3169.54,GBP,GB,IN,BRANCH,CARD,SERVICES,SYN-DEVICE-534,SYNTHETIC ORIGIN BANK,SIMULATED NETWORK,SYNTHETIC RECEIVING BANK,PENDING,change,0,0
SYN-TX-0006755,1754,543,2026-01-07 02:39:51+00:00,9219.33,GBP,GB,IN,BRANCH,WIRE,REMITTANCE,SYN-DEVICE-1754,SYNTHETIC ORIGIN BANK,SIMULATED NETWORK,SYNTHETIC RECEIVING BANK,SETTLED,deviation,0,1
SYN-TX-0007421,1409,309,2026-01-07 15:47:15+00:00,223.96,GBP,DE,SG,WEB,TRANSFER,RETAIL,SYN-DEVICE-1409,SYNTHETIC ORIGIN BANK,SIMULATED NETWORK,SYNTHETIC RECEIVING BANK,SETTLED,ordinary,0,0
SYN-TX-0008117,1253,392,2026-01-08 06:55:47+00:00,9890.62,GBP,US,DE,BRANCH,WIRE,REMITTANCE,SYN-DEVICE-1253,SYNTHETIC ORIGIN BANK,SIMULATED NETWORK,SYNTHETIC RECEIVING BANK,SETTLED,threshold,0,1
SYN-TX-0008167,1037,138,2026-01-08 08:03:18+00:00,9620.85,GBP,US,QZ,WEB,WIRE,REMITTANCE,SYN-DEVICE-1037,SYNTHETIC ORIGIN BANK,SIMULATED NETWORK,SYNTHETIC RECEIVING BANK,SETTLED,threshold,0,1
SYN-TX-0011913,1253,160,2026-01-11 16:50:56+00:00,208.88,GBP,US,XZ,WEB,CARD,SERVICES,SYN-DEVICE-1253,SYNTHETIC ORIGIN BANK,SIMULATED NETWORK,SYNTHETIC RECEIVING BANK,SETTLED,geography,0,1
SYN-TX-0012237,360,306,2026-01-11 23:22:24+00:00,1716.63,GBP,GB,DE,BRANCH,CARD,RETAIL,SYN-DEVICE-360,SYNTHETIC ORIGIN BANK,SIMULATED NETWORK,SYNTHETIC RECEIVING BANK,SETTLED,ordinary,0,0
SYN-TX-0012262,176,138,2026-01-12 00:05:06+00:00,71.87,GBP,IN,QZ,WEB,WIRE,SERVICES,SYN-DEVICE-176,SYNTHETIC ORIGIN BANK,SIMULATED NETWORK,SYNTHETIC RECEIVING BANK,SETTLED,ordinary,0,0
SYN-TX-0012488,133,389,2026-01-12 05:06:23+00:00,8201.66,GBP,US,IN,API,CARD,RETAIL,SYN-DEVICE-133,SYNTHETIC ORIGIN BANK,SIMULATED NETWORK,SYNTHETIC RECEIVING BANK,SETTLED,deviation,0,1
SYN-TX-0012833,1235,432,2026-01-12 12:19:08+00:00,3866.12,GBP,SG,XZ,API,WIRE,REMITTANCE,SYN-DEVICE-1235,SYNTHETIC ORIGIN BANK,SIMULATED NETWORK,SYNTHETIC RECEIVING BANK,SETTLED,new_beneficiary,0,1
SYN-TX-0012837,600,462,2026-01-12 12:22:43+00:00,9666.19,GBP,SG,SG,WEB,WIRE,SERVICES,SYN-DEVICE-600,SYNTHETIC ORIGIN BANK,SIMULATED NETWORK,SYNTHETIC RECEIVING BANK,SETTLED,threshold,0,1
SYN-TX-0014802,413,548,2026-01-14 07:05:20+00:00,11074.88,GBP,DE,US,WEB,TRANSFER,RETAIL,SYN-DEVICE-413,SYNTHETIC ORIGIN BANK,SIMULATED NETWORK,SYNTHETIC RECEIVING BANK,SETTLED,deviation,0,0
SYN-TX-0014930,1290,558,2026-01-14 09:41:26+00:00,1627.92,GBP,SG,XZ,WEB,WIRE,SERVICES,SYN-DEVICE-1290,SYNTHETIC ORIGIN BANK,SIMULATED NETWORK,SYNTHETIC RECEIVING BANK,SETTLED,geography,0,1
SYN-TX-0015756,667,132,2026-01-15 02:58:11+00:00,805.13,GBP,GB,DE,WEB,WIRE,REMITTANCE,SYN-DEVICE-667,SYNTHETIC ORIGIN BANK,SIMULATED NETWORK,SYNTHETIC RECEIVING BANK,PENDING,new_beneficiary,0,1
SYN-TX-0015806,18,121,2026-01-15 03:54:55+00:00,822.47,GBP,GB,GB,MOBILE,CARD,SERVICES,SYN-DEVICE-18,SYNTHETIC ORIGIN BANK,SIMULATED NETWORK,SYNTHETIC RECEIVING BANK,PENDING,deviation,0,1
SYN-TX-0016593,1237,315,2026-01-15 20:22:47+00:00,639.58,GBP,SG,XZ,BRANCH,WIRE,RETAIL,SYN-DEVICE-1237,SYNTHETIC ORIGIN BANK,SIMULATED NETWORK,SYNTHETIC RECEIVING BANK,SETTLED,velocity,0,1
SYN-TX-0017471,1768,353,2026-01-16 01:00:00+00:00,227.91,GBP,US,DE,WEB,TRANSFER,REMITTANCE,SYN-DEVICE-1768,SYNTHETIC ORIGIN BANK,SIMULATED NETWORK,SYNTHETIC RECEIVING BANK,SETTLED,night,0,1
SYN-TX-0017488,838,275,2026-01-16 15:46:39+00:00,907.43,GBP,SG,XZ,BRANCH,TRANSFER,SERVICES,SYN-DEVICE-838,SYNTHETIC ORIGIN BANK,SIMULATED NETWORK,SYNTHETIC RECEIVING BANK,SETTLED,deviation,0,1
SYN-TX-0017968,265,206,2026-01-17 02:32:15+00:00,9505.35,GBP,SG,US,API,WIRE,SERVICES,SYN-DEVICE-265,SYNTHETIC ORIGIN BANK,SIMULATED NETWORK,SYNTHETIC RECEIVING BANK,SETTLED,threshold,0,1
SYN-TX-0018803,591,147,2026-01-17 19:53:41+00:00,3273.58,GBP,GB,GB,WEB,CARD,SERVICES,SYN-DEVICE-591,SYNTHETIC ORIGIN BANK,SIMULATED NETWORK,SYNTHETIC RECEIVING BANK,SETTLED,velocity,0,1
SYN-TX-0019594,314,513,2026-01-18 13:12:33+00:00,8060.58,GBP,DE,SG,API,CARD,RETAIL,SYN-DEVICE-314,SYNTHETIC ORIGIN BANK,SIMULATED NETWORK,SYNTHETIC RECEIVING BANK,SETTLED,change,0,1
SYN-TX-0019968,1545,73,2026-01-18 21:59:13+00:00,5972.93,GBP,SG,DE,WEB,TRANSFER,SERVICES,SYN-DEVICE-1545,SYNTHETIC ORIGIN BANK,SIMULATED NETWORK,SYNTHETIC RECEIVING BANK,SETTLED,new_beneficiary,0,1
SYN-TX-0020145,294,140,2026-01-19 01:17:01+00:00,143.09,GBP,SG,QZ,WEB,TRANSFER,RETAIL,SYN-DEVICE-294,SYNTHETIC ORIGIN BANK,SIMULATED NETWORK,SYNTHETIC RECEIVING BANK,SETTLED,ordinary,0,0
SYN-TX-0021470,551,387,2026-01-20 06:44:49+00:00,3691.43,GBP,GB,US,WEB,WIRE,SERVICES,SYN-DEVICE-551,SYNTHETIC ORIGIN BANK,SIMULATED NETWORK,SYNTHETIC RECEIVING BANK,PENDING,deviation,0,1
SYN-TX-0021476,956,58,2026-01-20 01:00:00+00:00,824.69,GBP,GB,QZ,WEB,WIRE,RETAIL,SYN-DEVICE-956,SYNTHETIC ORIGIN BANK,SIMULATED NETWORK,SYNTHETIC RECEIVING BANK,SETTLED,night,0,0
SYN-TX-0022176,1067,554,2026-01-20 21:23:01+00:00,2926.59,GBP,GB,SG,BRANCH,WIRE,RETAIL,SYN-DEVICE-1067,SYNTHETIC ORIGIN BANK,SIMULATED NETWORK,SYNTHETIC RECEIVING BANK,SETTLED,new_beneficiary,0,0
SYN-TX-0022623,1977,558,2026-01-21 06:14:01+00:00,4478.18,GBP,GB,QZ,MOBILE,CARD,RETAIL,SYN-DEVICE-1977,SYNTHETIC ORIGIN BANK,SIMULATED NETWORK,SYNTHETIC RECEIVING BANK,SETTLED,change,0,0
SYN-TX-0022945,1933,151,2026-01-21 13:14:59+00:00,8671.56,GBP,IN,QZ,WEB,TRANSFER,REMITTANCE,SYN-DEVICE-1933,SYNTHETIC ORIGIN BANK,SIMULATED NETWORK,SYNTHETIC RECEIVING BANK,SETTLED,change,0,1
SYN-TX-0023781,167,80,2026-01-22 07:20:12+00:00,9572.87,GBP,GB,US,WEB,TRANSFER,REMITTANCE,SYN-DEVICE-167,SYNTHETIC ORIGIN BANK,SIMULATED NETWORK,SYNTHETIC RECEIVING BANK,SETTLED,change,0,1
SYN-TX-0023986,1323,440,2026-01-22 01:00:00+00:00,3846.6,GBP,IN,US,API,TRANSFER,REMITTANCE,SYN-DEVICE-1323,SYNTHETIC ORIGIN BANK,SIMULATED NETWORK,SYNTHETIC RECEIVING BANK,SETTLED,night,0,0
SYN-TX-0024319,1368,452,2026-01-22 01:00:00+00:00,395.53,GBP,DE,DE,MOBILE,TRANSFER,SERVICES,SYN-DEVICE-1368,SYNTHETIC ORIGIN BANK,SIMULATED NETWORK,SYNTHETIC RECEIVING BANK,SETTLED,night,0,0
SYN-TX-0025064,1941,337,2026-01-23 10:45:14+00:00,9572.97,GBP,US,IN,API,CARD,SERVICES,SYN-DEVICE-1941,SYNTHETIC ORIGIN BANK,SIMULATED NETWORK,SYNTHETIC RECEIVING BANK,SETTLED,threshold,0,1
SYN-TX-0025639,1328,181,2026-01-23 23:14:11+00:00,309.49,GBP,GB,DE,API,WIRE,REMITTANCE,SYN-DEVICE-1328,SYNTHETIC ORIGIN BANK,SIMULATED NETWORK,SYNTHETIC RECEIVING BANK,SETTLED,velocity,0,0
SYN-TX-0026015,69,418,2026-01-24 07:48:40+00:00,1462.32,GBP,GB,US,API,CARD,RETAIL,SYN-DEVICE-69,SYNTHETIC ORIGIN BANK,SIMULATED NETWORK,SYNTHETIC RECEIVING BANK,SETTLED,change,0,0
SYN-TX-0026521,269,28,2026-01-24 19:02:01+00:00,3477.21,GBP,US,IN,MOBILE,WIRE,SERVICES,SYN-DEVICE-269,SYNTHETIC ORIGIN BANK,SIMULATED NETWORK,SYNTHETIC RECEIVING BANK,SETTLED,change,1,1
SYN-TX-0027279,1182,237,2026-01-25 11:24:22+00:00,2811.89,GBP,DE,GB,API,WIRE,SERVICES,SYN-DEVICE-1182,SYNTHETIC ORIGIN BANK,SIMULATED NETWORK,SYNTHETIC RECEIVING BANK,SETTLED,change,0,1
SYN-TX-0027792,228,532,2026-01-25 22:11:17+00:00,189.59,GBP,IN,XZ,BRANCH,CARD,REMITTANCE,SYN-DEVICE-228,SYNTHETIC ORIGIN BANK,SIMULATED NETWORK,SYNTHETIC RECEIVING BANK,SETTLED,geography,0,0
SYN-TX-0028335,1177,50,2026-01-26 10:00:55+00:00,7962.32,GBP,US,DE,API,TRANSFER,REMITTANCE,SYN-DEVICE-1177,SYNTHETIC ORIGIN BANK,SIMULATED NETWORK,SYNTHETIC RECEIVING BANK,SETTLED,change,0,1
SYN-TX-0028792,1559,240,2026-01-26 19:46:34+00:00,1710.39,GBP,GB,SG,BRANCH,CARD,REMITTANCE,SYN-DEVICE-1559,SYNTHETIC ORIGIN BANK,SIMULATED NETWORK,SYNTHETIC RECEIVING BANK,SETTLED,velocity,0,1
SYN-TX-0029846,1892,405,2026-01-27 19:23:17+00:00,9777.16,GBP,GB,SG,MOBILE,WIRE,RETAIL,SYN-DEVICE-1892,SYNTHETIC ORIGIN BANK,SIMULATED NETWORK,SYNTHETIC RECEIVING BANK,SETTLED,deviation,0,1
SYN-TX-0029874,198,135,2026-01-27 19:58:07+00:00,9356.44,GBP,SG,QZ,MOBILE,TRANSFER,SERVICES,SYN-DEVICE-198,SYNTHETIC ORIGIN BANK,SIMULATED NETWORK,SYNTHETIC RECEIVING BANK,SETTLED,deviation,0,1
SYN-TX-0029919,674,474,2026-01-27 20:58:55+00:00,1643.66,GBP,SG,SG,WEB,WIRE,REMITTANCE,SYN-DEVICE-674,SYNTHETIC ORIGIN BANK,SIMULATED NETWORK,SYNTHETIC RECEIVING BANK,SETTLED,velocity,0,1
SYN-TX-0029970,1894,339,2026-01-27 22:07:22+00:00,1347.14,GBP,US,SG,BRANCH,WIRE,SERVICES,SYN-DEVICE-1894,SYNTHETIC ORIGIN BANK,SIMULATED NETWORK,SYNTHETIC RECEIVING BANK,SETTLED,change,0,1
SYN-TX-0030082,169,382,2026-01-28 01:00:00+00:00,72.82,GBP,DE,US,API,WIRE,SERVICES,SYN-DEVICE-169,SYNTHETIC ORIGIN BANK,SIMULATED NETWORK,SYNTHETIC RECEIVING BANK,SETTLED,night,0,1
SYN-TX-0031162,1491,300,2026-01-28 23:59:09+00:00,1002.35,GBP,DE,DE,BRANCH,CARD,REMITTANCE,SYN-DEVICE-1491,SYNTHETIC ORIGIN BANK,SIMULATED NETWORK,SYNTHETIC RECEIVING BANK,SETTLED,change,0,1
SYN-TX-0031714,1079,72,2026-01-29 12:19:57+00:00,431.38,GBP,US,DE,MOBILE,CARD,REMITTANCE,SYN-DEVICE-1079,SYNTHETIC ORIGIN BANK,SIMULATED NETWORK,SYNTHETIC RECEIVING BANK,SETTLED,velocity,0,1
SYN-TX-0032961,1251,204,2026-01-30 15:44:49+00:00,693.05,GBP,US,QZ,BRANCH,WIRE,RETAIL,SYN-DEVICE-1251,SYNTHETIC ORIGIN BANK,SIMULATED NETWORK,SYNTHETIC RECEIVING BANK,SETTLED,velocity,0,1
SYN-TX-0033706,415,211,2026-01-31 01:00:00+00:00,1149.87,GBP,US,SG,MOBILE,CARD,REMITTANCE,SYN-DEVICE-415,SYNTHETIC ORIGIN BANK,SIMULATED NETWORK,SYNTHETIC RECEIVING BANK,SETTLED,night,0,1
SYN-TX-0036162,804,241,2026-02-02 13:49:32+00:00,439.75,GBP,DE,XZ,WEB,WIRE,REMITTANCE,SYN-DEVICE-804,SYNTHETIC ORIGIN BANK,SIMULATED NETWORK,SYNTHETIC RECEIVING BANK,SETTLED,geography,0,0
SYN-TX-0036482,1556,469,2026-02-02 21:02:03+00:00,363.8,GBP,GB,QZ,WEB,CARD,REMITTANCE,SYN-DEVICE-1556,SYNTHETIC ORIGIN BANK,SIMULATED NETWORK,SYNTHETIC RECEIVING BANK,SETTLED,velocity,0,0
SYN-TX-0038516,11,273,2026-02-04 17:01:04+00:00,5296.21,GBP,SG,DE,API,WIRE,REMITTANCE,SYN-DEVICE-11,SYNTHETIC ORIGIN BANK,SIMULATED NETWORK,SYNTHETIC RECEIVING BANK,SETTLED,change,0,1
SYN-TX-0038829,334,442,2026-02-04 23:51:01+00:00,419.45,GBP,SG,US,MOBILE,TRANSFER,SERVICES,SYN-DEVICE-334,SYNTHETIC ORIGIN BANK,SIMULATED NETWORK,SYNTHETIC RECEIVING BANK,SETTLED,new_beneficiary,0,1
SYN-TX-0039039,1509,85,2026-02-05 04:37:39+00:00,15496.52,GBP,SG,QZ,MOBILE,CARD,RETAIL,SYN-DEVICE-1509,SYNTHETIC ORIGIN BANK,SIMULATED NETWORK,SYNTHETIC RECEIVING BANK,SETTLED,deviation,0,1
SYN-TX-0039409,897,336,2026-02-05 12:30:03+00:00,943.85,GBP,US,XZ,WEB,WIRE,RETAIL,SYN-DEVICE-897,SYNTHETIC ORIGIN BANK,SIMULATED NETWORK,SYNTHETIC RECEIVING BANK,SETTLED,geography,0,0
SYN-TX-0039704,850,125,2026-02-05 18:45:01+00:00,8793.6,GBP,SG,SG,BRANCH,TRANSFER,RETAIL,SYN-DEVICE-850,SYNTHETIC ORIGIN BANK,SIMULATED NETWORK,SYNTHETIC RECEIVING BANK,SETTLED,velocity,0,1
SYN-TX-0039756,62,593,2026-02-05 19:38:31+00:00,13031.13,GBP,DE,QZ,MOBILE,CARD,SERVICES,SYN-DEVICE-62,SYNTHETIC ORIGIN BANK,SIMULATED NETWORK,SYNTHETIC RECEIVING BANK,SETTLED,change,0,1
SYN-TX-0039876,1056,268,2026-02-05 22:05:31+00:00,421.32,GBP,SG,XZ,BRANCH,WIRE,RETAIL,SYN-DEVICE-1056,SYNTHETIC ORIGIN BANK,SIMULATED NETWORK,SYNTHETIC RECEIVING BANK,SETTLED,geography,0,1
SYN-TX-0041377,1216,383,2026-02-07 06:43:36+00:00,996.14,GBP,DE,GB,BRANCH,WIRE,RETAIL,SYN-DEVICE-1216,SYNTHETIC ORIGIN BANK,SIMULATED NETWORK,SYNTHETIC RECEIVING BANK,SETTLED,ordinary,0,0
SYN-TX-0041573,631,147,2026-02-07 10:52:55+00:00,551.07,GBP,IN,GB,BRANCH,WIRE,REMITTANCE,SYN-DEVICE-631,SYNTHETIC ORIGIN BANK,SIMULATED NETWORK,SYNTHETIC RECEIVING BANK,SETTLED,ordinary,0,0
SYN-TX-0042810,1864,381,2026-02-08 12:40:41+00:00,321.49,GBP,SG,XZ,WEB,WIRE,SERVICES,SYN-DEVICE-1864,SYNTHETIC ORIGIN BANK,SIMULATED NETWORK,SYNTHETIC RECEIVING BANK,SETTLED,geography,0,0
SYN-TX-0043618,588,190,2026-02-09 05:29:34+00:00,342.87,GBP,DE,IN,WEB,WIRE,SERVICES,SYN-DEVICE-588,SYNTHETIC ORIGIN BANK,SIMULATED NETWORK,SYNTHETIC RECEIVING BANK,SETTLED,velocity,0,0
SYN-TX-0044318,1136,231,2026-02-09 21:01:49+00:00,1664.12,GBP,US,US,API,CARD,REMITTANCE,SYN-DEVICE-1136,SYNTHETIC ORIGIN BANK,SIMULATED NETWORK,SYNTHETIC RECEIVING BANK,FAILED,ordinary,0,0
SYN-TX-0044377,303,489,2026-02-09 01:00:00+00:00,839.74,GBP,GB,QZ,BRANCH,TRANSFER,SERVICES,SYN-DEVICE-303,SYNTHETIC ORIGIN BANK,SIMULATED NETWORK,SYNTHETIC RECEIVING BANK,SETTLED,night,0,1
SYN-TX-0045317,752,105,2026-02-10 18:04:41+00:00,986.56,GBP,SG,XZ,MOBILE,TRANSFER,SERVICES,SYN-DEVICE-752,SYNTHETIC ORIGIN BANK,SIMULATED NETWORK,SYNTHETIC RECEIVING BANK,SETTLED,geography,0,1
SYN-TX-0045573,909,299,2026-02-10 01:00:00+00:00,1654.61,GBP,DE,DE,MOBILE,WIRE,SERVICES,SYN-DEVICE-909,SYNTHETIC ORIGIN BANK,SIMULATED NETWORK,SYNTHETIC RECEIVING BANK,PENDING,night,0,1
SYN-TX-0046019,22,495,2026-02-11 09:38:02+00:00,277.69,GBP,US,SG,WEB,WIRE,SERVICES,SYN-DEVICE-22,SYNTHETIC ORIGIN BANK,SIMULATED NETWORK,SYNTHETIC RECEIVING BANK,SETTLED,velocity,0,1
SYN-TX-0046336,233,436,2026-02-11 17:25:10+00:00,9550.12,GBP,IN,US,BRANCH,TRANSFER,SERVICES,SYN-DEVICE-233,SYNTHETIC ORIGIN BANK,SIMULATED NETWORK,SYNTHETIC RECEIVING BANK,SETTLED,threshold,0,1
SYN-TX-0046585,994,39,2026-02-11 22:27:14+00:00,8529.84,GBP,DE,XZ,BRANCH,CARD,RETAIL,SYN-DEVICE-994,SYNTHETIC ORIGIN BANK,SIMULATED NETWORK,SYNTHETIC RECEIVING BANK,PENDING,new_beneficiary,1,1
SYN-TX-0046705,1890,226,2026-02-12 01:18:07+00:00,3737.24,GBP,DE,US,WEB,WIRE,REMITTANCE,SYN-DEVICE-1890,SYNTHETIC ORIGIN BANK,SIMULATED NETWORK,SYNTHETIC RECEIVING BANK,SETTLED,new_beneficiary,0,1
SYN-TX-0050054,1616,586,2026-02-14 01:00:00+00:00,485.44,GBP,DE,QZ,MOBILE,CARD,RETAIL,SYN-DEVICE-1616,SYNTHETIC ORIGIN BANK,SIMULATED NETWORK,SYNTHETIC RECEIVING BANK,SETTLED,night,0,1
SYN-TX-0050318,432,387,2026-02-15 01:00:00+00:00,491.82,GBP,SG,US,WEB,CARD,SERVICES,SYN-DEVICE-432,SYNTHETIC ORIGIN BANK,SIMULATED NETWORK,SYNTHETIC RECEIVING BANK,SETTLED,night,0,1
SYN-TX-0053448,1932,454,2026-02-18 02:17:37+00:00,1764.64,GBP,IN,XZ,MOBILE,WIRE,REMITTANCE,SYN-DEVICE-1932,SYNTHETIC ORIGIN BANK,SIMULATED NETWORK,SYNTHETIC RECEIVING BANK,SETTLED,change,0,1
SYN-TX-0054879,1883,571,2026-02-19 10:01:30+00:00,6313.37,GBP,IN,IN,BRANCH,TRANSFER,REMITTANCE,SYN-DEVICE-1883,SYNTHETIC ORIGIN BANK,SIMULATED NETWORK,SYNTHETIC RECEIVING BANK,SETTLED,new_beneficiary,0,0
SYN-TX-0055995,1891,418,2026-02-20 10:27:01+00:00,1549.75,GBP,US,US,WEB,WIRE,REMITTANCE,SYN-DEVICE-1891,SYNTHETIC ORIGIN BANK,SIMULATED NETWORK,SYNTHETIC RECEIVING BANK,SETTLED,new_beneficiary,0,1
SYN-TX-0056247,729,48,2026-02-20 16:09:48+00:00,9716.93,GBP,DE,IN,MOBILE,CARD,REMITTANCE,SYN-DEVICE-729,SYNTHETIC ORIGIN BANK,SIMULATED NETWORK,SYNTHETIC RECEIVING BANK,PENDING,threshold,1,1
SYN-TX-0056516,1448,346,2026-02-20 21:44:42+00:00,2218.78,GBP,US,IN,WEB,WIRE,RETAIL,SYN-DEVICE-1448,SYNTHETIC ORIGIN BANK,SIMULATED NETWORK,SYNTHETIC RECEIVING BANK,SETTLED,deviation,0,0
SYN-TX-0056590,1804,4,2026-02-20 23:05:08+00:00,9710.2,GBP,IN,SG,API,WIRE,RETAIL,SYN-DEVICE-1804,SYNTHETIC ORIGIN BANK,SIMULATED NETWORK,SYNTHETIC RECEIVING BANK,SETTLED,threshold,1,1
SYN-TX-0057685,1511,70,2026-02-21 01:00:00+00:00,609.08,GBP,DE,XZ,WEB,WIRE,RETAIL,SYN-DEVICE-1511,SYNTHETIC ORIGIN BANK,SIMULATED NETWORK,SYNTHETIC RECEIVING BANK,SETTLED,night,0,1
SYN-TX-0058149,1551,579,2026-02-22 08:09:03+00:00,9563.7,GBP,IN,US,API,WIRE,SERVICES,SYN-DEVICE-1551,SYNTHETIC ORIGIN BANK,SIMULATED NETWORK,SYNTHETIC RECEIVING BANK,SETTLED,threshold,0,1
SYN-TX-0058175,473,12,2026-02-22 08:34:18+00:00,500.08,GBP,GB,XZ,WEB,WIRE,SERVICES,SYN-DEVICE-473,SYNTHETIC ORIGIN BANK,SIMULATED NETWORK,SYNTHETIC RECEIVING BANK,SETTLED,velocity,1,1
SYN-TX-0058279,1647,239,2026-02-22 01:00:00+00:00,464.21,GBP,SG,US,WEB,CARD,SERVICES,SYN-DEVICE-1647,SYNTHETIC ORIGIN BANK,SIMULATED NETWORK,SYNTHETIC RECEIVING BANK,SETTLED,night,0,1
SYN-TX-0060095,1458,220,2026-02-24 01:46:00+00:00,7722.8,GBP,US,XZ,WEB,WIRE,RETAIL,SYN-DEVICE-1458,SYNTHETIC ORIGIN BANK,SIMULATED NETWORK,SYNTHETIC RECEIVING BANK,SETTLED,new_beneficiary,0,1
SYN-TX-0061366,1043,295,2026-02-25 05:24:29+00:00,9747.96,GBP,US,XZ,WEB,CARD,REMITTANCE,SYN-DEVICE-1043,SYNTHETIC ORIGIN BANK,SIMULATED NETWORK,SYNTHETIC RECEIVING BANK,FAILED,threshold,0,1
SYN-TX-0062364,1917,557,2026-02-26 02:39:05+00:00,3099.0,GBP,IN,DE,API,TRANSFER,RETAIL,SYN-DEVICE-1917,SYNTHETIC ORIGIN BANK,SIMULATED NETWORK,SYNTHETIC RECEIVING BANK,SETTLED,deviation,0,0
SYN-TX-0062419,323,70,2026-02-26 04:03:15+00:00,9543.31,GBP,IN,XZ,MOBILE,CARD,SERVICES,SYN-DEVICE-323,SYNTHETIC ORIGIN BANK,SIMULATED NETWORK,SYNTHETIC RECEIVING BANK,SETTLED,threshold,0,0
SYN-TX-0062609,127,23,2026-02-26 08:32:58+00:00,346.74,GBP,GB,XZ,BRANCH,WIRE,SERVICES,SYN-DEVICE-127,SYNTHETIC ORIGIN BANK,SIMULATED NETWORK,SYNTHETIC RECEIVING BANK,SETTLED,geography,1,1
SYN-TX-0062981,1088,250,2026-02-26 16:48:24+00:00,2293.57,GBP,GB,XZ,BRANCH,WIRE,SERVICES,SYN-DEVICE-1088,SYNTHETIC ORIGIN BANK,SIMULATED NETWORK,SYNTHETIC RECEIVING BANK,SETTLED,geography,0,0
SYN-TX-0063824,220,151,2026-02-27 11:08:41+00:00,11730.44,GBP,GB,QZ,API,TRANSFER,REMITTANCE,SYN-DEVICE-220,SYNTHETIC ORIGIN BANK,SIMULATED NETWORK,SYNTHETIC RECEIVING BANK,SETTLED,new_beneficiary,0,1
SYN-TX-0065128,1693,459,2026-02-28 15:10:15+00:00,2969.23,GBP,IN,SG,API,WIRE,RETAIL,SYN-DEVICE-1693,SYNTHETIC ORIGIN BANK,SIMULATED NETWORK,SYNTHETIC RECEIVING BANK,SETTLED,deviation,0,1
SYN-TX-0066917,1524,542,2026-03-02 01:00:00+00:00,1559.8,GBP,DE,DE,WEB,CARD,REMITTANCE,SYN-DEVICE-1524,SYNTHETIC ORIGIN BANK,SIMULATED NETWORK,SYNTHETIC RECEIVING BANK,SETTLED,night,0,0
SYN-TX-0067880,580,479,2026-03-03 03:05:50+00:00,10895.6,GBP,GB,XZ,MOBILE,TRANSFER,SERVICES,SYN-DEVICE-580,SYNTHETIC ORIGIN BANK,SIMULATED NETWORK,SYNTHETIC RECEIVING BANK,SETTLED,change,0,1
SYN-TX-0067898,1864,175,2026-03-03 03:21:22+00:00,1849.91,GBP,SG,IN,WEB,CARD,REMITTANCE,SYN-DEVICE-1864,SYNTHETIC ORIGIN BANK,SIMULATED NETWORK,SYNTHETIC RECEIVING BANK,SETTLED,new_beneficiary,0,1
SYN-TX-0069273,295,510,2026-03-04 08:45:58+00:00,8928.14,GBP,SG,US,WEB,WIRE,SERVICES,SYN-DEVICE-295,SYNTHETIC ORIGIN BANK,SIMULATED NETWORK,SYNTHETIC RECEIVING BANK,SETTLED,change,0,0
SYN-TX-0069503,558,437,2026-03-04 01:00:00+00:00,5244.62,GBP,DE,QZ,BRANCH,CARD,SERVICES,SYN-DEVICE-558,SYNTHETIC ORIGIN BANK,SIMULATED NETWORK,SYNTHETIC RECEIVING BANK,SETTLED,night,0,1
SYN-TX-0070704,1377,337,2026-03-05 14:57:16+00:00,1014.55,GBP,IN,IN,WEB,TRANSFER,REMITTANCE,SYN-DEVICE-1377,SYNTHETIC ORIGIN BANK,SIMULATED NETWORK,SYNTHETIC RECEIVING BANK,SETTLED,ordinary,0,0
SYN-TX-0070856,1850,285,2026-03-05 18:13:04+00:00,504.23,GBP,GB,QZ,BRANCH,CARD,RETAIL,SYN-DEVICE-1850,SYNTHETIC ORIGIN BANK,SIMULATED NETWORK,SYNTHETIC RECEIVING BANK,SETTLED,ordinary,0,0
SYN-TX-0072033,1493,464,2026-03-06 18:27:28+00:00,411.78,GBP,IN,SG,BRANCH,WIRE,RETAIL,SYN-DEVICE-1493,SYNTHETIC ORIGIN BANK,SIMULATED NETWORK,SYNTHETIC RECEIVING BANK,PENDING,deviation,0,1
SYN-TX-0072084,1110,596,2026-03-06 19:47:15+00:00,799.54,GBP,US,US,BRANCH,WIRE,RETAIL,SYN-DEVICE-1110,SYNTHETIC ORIGIN BANK,SIMULATED NETWORK,SYNTHETIC RECEIVING BANK,SETTLED,ordinary,0,0
SYN-TX-0072848,1411,70,2026-03-07 12:40:32+00:00,199.34,GBP,US,XZ,MOBILE,TRANSFER,RETAIL,SYN-DEVICE-1411,SYNTHETIC ORIGIN BANK,SIMULATED NETWORK,SYNTHETIC RECEIVING BANK,PENDING,geography,0,1
SYN-TX-0074009,1770,510,2026-03-08 13:10:57+00:00,6583.68,GBP,IN,US,MOBILE,WIRE,SERVICES,SYN-DEVICE-1770,SYNTHETIC ORIGIN BANK,SIMULATED NETWORK,SYNTHETIC RECEIVING BANK,SETTLED,velocity,0,1
SYN-TX-0074287,218,357,2026-03-08 18:43:39+00:00,145.4,GBP,US,XZ,WEB,CARD,SERVICES,SYN-DEVICE-218,SYNTHETIC ORIGIN BANK,SIMULATED NETWORK,SYNTHETIC RECEIVING BANK,SETTLED,geography,0,0
SYN-TX-0074567,1540,532,2026-03-08 23:50:58+00:00,8979.43,GBP,IN,IN,BRANCH,WIRE,SERVICES,SYN-DEVICE-1540,SYNTHETIC ORIGIN BANK,SIMULATED NETWORK,SYNTHETIC RECEIVING BANK,SETTLED,new_beneficiary,0,1
SYN-TX-0075041,1511,256,2026-03-09 10:42:27+00:00,6695.25,GBP,DE,QZ,MOBILE,WIRE,SERVICES,SYN-DEVICE-1511,SYNTHETIC ORIGIN BANK,SIMULATED NETWORK,SYNTHETIC RECEIVING BANK,SETTLED,deviation,0,0
SYN-TX-0075078,1542,224,2026-03-09 11:34:01+00:00,810.69,GBP,IN,SG,BRANCH,CARD,SERVICES,SYN-DEVICE-1542,SYNTHETIC ORIGIN BANK,SIMULATED NETWORK,SYNTHETIC RECEIVING BANK,SETTLED,ordinary,0,0
SYN-TX-0075153,263,97,2026-03-09 13:21:54+00:00,377.06,GBP,DE,DE,BRANCH,WIRE,REMITTANCE,SYN-DEVICE-263,SYNTHETIC ORIGIN BANK,SIMULATED NETWORK,SYNTHETIC RECEIVING BANK,SETTLED,ordinary,0,0
SYN-TX-0075412,1882,289,2026-03-09 18:32:31+00:00,346.76,GBP,SG,US,WEB,WIRE,SERVICES,SYN-DEVICE-1882,SYNTHETIC ORIGIN BANK,SIMULATED NETWORK,SYNTHETIC RECEIVING BANK,SETTLED,ordinary,0,0
SYN-TX-0075474,716,185,2026-03-09 20:05:47+00:00,9626.73,GBP,SG,US,BRANCH,WIRE,RETAIL,SYN-DEVICE-716,SYNTHETIC ORIGIN BANK,SIMULATED NETWORK,SYNTHETIC RECEIVING BANK,SETTLED,threshold,0,1
SYN-TX-0075592,1578,200,2026-03-09 22:37:00+00:00,6124.49,GBP,US,XZ,WEB,CARD,REMITTANCE,SYN-DEVICE-1578,SYNTHETIC ORIGIN BANK,SIMULATED NETWORK,SYNTHETIC RECEIVING BANK,SETTLED,new_beneficiary,0,1
SYN-TX-0075617,1772,485,2026-03-09 23:18:24+00:00,12396.76,GBP,US,DE,API,TRANSFER,SERVICES,SYN-DEVICE-1772,SYNTHETIC ORIGIN BANK,SIMULATED NETWORK,SYNTHETIC RECEIVING BANK,SETTLED,change,0,1
SYN-TX-0076114,1165,244,2026-03-10 11:09:23+00:00,1785.65,GBP,GB,US,BRANCH,CARD,RETAIL,SYN-DEVICE-1165,SYNTHETIC ORIGIN BANK,SIMULATED NETWORK,SYNTHETIC RECEIVING BANK,SETTLED,new_beneficiary,0,1
SYN-TX-0077298,840,338,2026-03-11 01:00:00+00:00,646.59,GBP,DE,US,WEB,WIRE,RETAIL,SYN-DEVICE-840,SYNTHETIC ORIGIN BANK,SIMULATED NETWORK,SYNTHETIC RECEIVING BANK,SETTLED,night,0,1
SYN-TX-0077327,1888,572,2026-03-11 11:53:45+00:00,1893.2,GBP,DE,XZ,WEB,TRANSFER,SERVICES,SYN-DEVICE-1888,SYNTHETIC ORIGIN BANK,SIMULATED NETWORK,SYNTHETIC RECEIVING BANK,SETTLED,geography,0,0
SYN-TX-0077512,1772,208,2026-03-11 15:44:53+00:00,418.04,GBP,US,XZ,MOBILE,TRANSFER,REMITTANCE,SYN-DEVICE-1772,SYNTHETIC ORIGIN BANK,SIMULATED NETWORK,SYNTHETIC RECEIVING BANK,SETTLED,geography,0,1
SYN-TX-0077971,598,481,2026-03-12 01:45:51+00:00,37.1,GBP,SG,XZ,BRANCH,WIRE,REMITTANCE,SYN-DEVICE-598,SYNTHETIC ORIGIN BANK,SIMULATED NETWORK,SYNTHETIC RECEIVING BANK,SETTLED,geography,0,0
SYN-TX-0078128,759,11,2026-03-12 04:43:11+00:00,4431.44,GBP,DE,SG,MOBILE,TRANSFER,SERVICES,SYN-DEVICE-759,SYNTHETIC ORIGIN BANK,SIMULATED NETWORK,SYNTHETIC RECEIVING BANK,SETTLED,deviation,1,1
SYN-TX-0078441,812,125,2026-03-12 11:26:40+00:00,349.53,GBP,US,XZ,MOBILE,CARD,SERVICES,SYN-DEVICE-812,SYNTHETIC ORIGIN BANK,SIMULATED NETWORK,SYNTHETIC RECEIVING BANK,SETTLED,geography,0,1
SYN-TX-0079231,743,387,2026-03-13 04:46:51+00:00,3789.41,GBP,IN,US,WEB,CARD,RETAIL,SYN-DEVICE-743,SYNTHETIC ORIGIN BANK,SIMULATED NETWORK,SYNTHETIC RECEIVING BANK,SETTLED,deviation,0,1
SYN-TX-0080400,1313,38,2026-03-14 05:52:57+00:00,3128.89,GBP,IN,SG,BRANCH,CARD,SERVICES,SYN-DEVICE-1313,SYNTHETIC ORIGIN BANK,SIMULATED NETWORK,SYNTHETIC RECEIVING BANK,SETTLED,change,1,1
SYN-TX-0080426,531,372,2026-03-14 06:31:41+00:00,120.17,GBP,GB,XZ,MOBILE,WIRE,SERVICES,SYN-DEVICE-531,SYNTHETIC ORIGIN BANK,SIMULATED NETWORK,SYNTHETIC RECEIVING BANK,SETTLED,geography,0,0
SYN-TX-0082122,407,86,2026-03-15 18:51:56+00:00,9709.9,GBP,GB,US,WEB,CARD,SERVICES,SYN-DEVICE-407,SYNTHETIC ORIGIN BANK,SIMULATED NETWORK,SYNTHETIC RECEIVING BANK,SETTLED,threshold,0,1
SYN-TX-0082504,892,458,2026-03-16 02:29:22+00:00,746.79,GBP,GB,SG,MOBILE,CARD,RETAIL,SYN-DEVICE-892,SYNTHETIC ORIGIN BANK,SIMULATED NETWORK,SYNTHETIC RECEIVING BANK,SETTLED,ordinary,0,0
SYN-TX-0084693,1018,554,2026-03-18 03:12:06+00:00,9820.66,GBP,DE,SG,API,WIRE,RETAIL,SYN-DEVICE-1018,SYNTHETIC ORIGIN BANK,SIMULATED NETWORK,SYNTHETIC RECEIVING BANK,SETTLED,threshold,0,1
SYN-TX-0086293,1309,235,2026-03-19 13:15:44+00:00,266.22,GBP,US,XZ,BRANCH,TRANSFER,RETAIL,SYN-DEVICE-1309,SYNTHETIC ORIGIN BANK,SIMULATED NETWORK,SYNTHETIC RECEIVING BANK,SETTLED,geography,0,1
SYN-TX-0086617,360,125,2026-03-19 20:02:14+00:00,6767.92,GBP,GB,SG,MOBILE,TRANSFER,SERVICES,SYN-DEVICE-360,SYNTHETIC ORIGIN BANK,SIMULATED NETWORK,SYNTHETIC RECEIVING BANK,SETTLED,deviation,0,1
SYN-TX-0086996,1759,187,2026-03-20 04:35:59+00:00,1574.48,GBP,GB,US,BRANCH,CARD,RETAIL,SYN-DEVICE-1759,SYNTHETIC ORIGIN BANK,SIMULATED NETWORK,SYNTHETIC RECEIVING BANK,SETTLED,new_beneficiary,0,0
SYN-TX-0087271,1586,422,2026-03-20 11:02:00+00:00,3882.38,GBP,IN,DE,WEB,WIRE,SERVICES,SYN-DEVICE-1586,SYNTHETIC ORIGIN BANK,SIMULATED NETWORK,SYNTHETIC RECEIVING BANK,SETTLED,ordinary,0,0
SYN-TX-0087990,866,25,2026-03-21 01:00:00+00:00,432.16,GBP,US,XZ,API,TRANSFER,SERVICES,SYN-DEVICE-866,SYNTHETIC ORIGIN BANK,SIMULATED NETWORK,SYNTHETIC RECEIVING BANK,SETTLED,night,1,1
SYN-TX-0088157,1026,586,2026-03-21 05:49:58+00:00,9994.99,GBP,IN,QZ,API,TRANSFER,RETAIL,SYN-DEVICE-1026,SYNTHETIC ORIGIN BANK,SIMULATED NETWORK,SYNTHETIC RECEIVING BANK,SETTLED,threshold,0,1
SYN-TX-0088629,74,429,2026-03-21 15:55:05+00:00,1212.57,GBP,IN,DE,API,WIRE,REMITTANCE,SYN-DEVICE-74,SYNTHETIC ORIGIN BANK,SIMULATED NETWORK,SYNTHETIC RECEIVING BANK,SETTLED,velocity,0,1
SYN-TX-0088903,461,79,2026-03-21 22:08:00+00:00,708.88,GBP,IN,SG,MOBILE,CARD,RETAIL,SYN-DEVICE-461,SYNTHETIC ORIGIN BANK,SIMULATED NETWORK,SYNTHETIC RECEIVING BANK,SETTLED,velocity,0,1
SYN-TX-0089679,648,590,2026-03-22 01:00:00+00:00,1491.51,GBP,IN,US,BRANCH,CARD,REMITTANCE,SYN-DEVICE-648,SYNTHETIC ORIGIN BANK,SIMULATED NETWORK,SYNTHETIC RECEIVING BANK,PENDING,night,0,0
SYN-TX-0089751,1915,15,2026-03-22 16:38:05+00:00,1197.2,GBP,GB,XZ,BRANCH,CARD,REMITTANCE,SYN-DEVICE-1915,SYNTHETIC ORIGIN BANK,SIMULATED NETWORK,SYNTHETIC RECEIVING BANK,SETTLED,geography,1,1
SYN-TX-0091226,1939,317,2026-03-24 00:04:30+00:00,9783.13,GBP,GB,GB,API,WIRE,REMITTANCE,SYN-DEVICE-1939,SYNTHETIC ORIGIN BANK,SIMULATED NETWORK,SYNTHETIC RECEIVING BANK,SETTLED,threshold,0,1
SYN-TX-0091318,1876,530,2026-03-24 02:00:23+00:00,305.96,GBP,SG,QZ,MOBILE,CARD,SERVICES,SYN-DEVICE-1876,SYNTHETIC ORIGIN BANK,SIMULATED NETWORK,SYNTHETIC RECEIVING BANK,FAILED,ordinary,0,0
SYN-TX-0091333,1217,565,2026-03-24 02:17:22+00:00,4183.36,GBP,DE,QZ,API,CARD,SERVICES,SYN-DEVICE-1217,SYNTHETIC ORIGIN BANK,SIMULATED NETWORK,SYNTHETIC RECEIVING BANK,SETTLED,change,0,1
SYN-TX-0093274,1796,48,2026-03-25 20:55:26+00:00,9583.73,GBP,SG,IN,BRANCH,TRANSFER,SERVICES,SYN-DEVICE-1796,SYNTHETIC ORIGIN BANK,SIMULATED NETWORK,SYNTHETIC RECEIVING BANK,SETTLED,threshold,1,1
SYN-TX-0093332,1213,241,2026-03-25 22:17:52+00:00,3318.38,GBP,DE,US,API,WIRE,REMITTANCE,SYN-DEVICE-1213,SYNTHETIC ORIGIN BANK,SIMULATED NETWORK,SYNTHETIC RECEIVING BANK,SETTLED,new_beneficiary,0,0
SYN-TX-0093522,1546,455,2026-03-26 02:33:39+00:00,1271.34,GBP,GB,DE,API,CARD,RETAIL,SYN-DEVICE-1546,SYNTHETIC ORIGIN BANK,SIMULATED NETWORK,SYNTHETIC RECEIVING BANK,SETTLED,velocity,0,1
SYN-TX-0095255,1720,37,2026-03-27 15:41:45+00:00,208.95,GBP,SG,DE,BRANCH,TRANSFER,SERVICES,SYN-DEVICE-1720,SYNTHETIC ORIGIN BANK,SIMULATED NETWORK,SYNTHETIC RECEIVING BANK,SETTLED,velocity,1,1
SYN-TX-0096173,924,236,2026-03-28 12:04:15+00:00,673.7,GBP,IN,XZ,API,WIRE,SERVICES,SYN-DEVICE-924,SYNTHETIC ORIGIN BANK,SIMULATED NETWORK,SYNTHETIC RECEIVING BANK,SETTLED,ordinary,0,0
SYN-TX-0096250,1402,153,2026-03-28 13:42:35+00:00,2030.76,GBP,DE,DE,API,WIRE,SERVICES,SYN-DEVICE-1402,SYNTHETIC ORIGIN BANK,SIMULATED NETWORK,SYNTHETIC RECEIVING BANK,SETTLED,ordinary,0,0
SYN-TX-0096346,812,487,2026-03-28 15:31:14+00:00,328.66,GBP,US,XZ,MOBILE,CARD,REMITTANCE,SYN-DEVICE-812,SYNTHETIC ORIGIN BANK,SIMULATED NETWORK,SYNTHETIC RECEIVING BANK,SETTLED,ordinary,0,0
SYN-TX-0096683,1532,39,2026-03-28 23:35:38+00:00,1127.49,GBP,US,XZ,MOBILE,TRANSFER,RETAIL,SYN-DEVICE-1532,SYNTHETIC ORIGIN BANK,SIMULATED NETWORK,SYNTHETIC RECEIVING BANK,SETTLED,change,1,1
SYN-TX-0096796,1446,13,2026-03-29 02:16:14+00:00,9917.82,GBP,DE,QZ,BRANCH,CARD,REMITTANCE,SYN-DEVICE-1446,SYNTHETIC ORIGIN BANK,SIMULATED NETWORK,SYNTHETIC RECEIVING BANK,SETTLED,threshold,1,1
SYN-TX-0097268,576,554,2026-03-29 12:44:16+00:00,4864.67,GBP,GB,SG,WEB,WIRE,REMITTANCE,SYN-DEVICE-576,SYNTHETIC ORIGIN BANK,SIMULATED NETWORK,SYNTHETIC RECEIVING BANK,SETTLED,new_beneficiary,0,1
SYN-TX-0098441,678,14,2026-03-30 13:53:32+00:00,56.17,GBP,DE,GB,MOBILE,CARD,SERVICES,SYN-DEVICE-678,SYNTHETIC ORIGIN BANK,SIMULATED NETWORK,SYNTHETIC RECEIVING BANK,SETTLED,velocity,1,1
SYN-TX-0099667,304,237,2026-03-31 16:16:41+00:00,11734.47,GBP,DE,GB,BRANCH,CARD,RETAIL,SYN-DEVICE-304,SYNTHETIC ORIGIN BANK,SIMULATED NETWORK,SYNTHETIC RECEIVING BANK,SETTLED,deviation,0,1
SYN-TX-0099858,1152,152,2026-03-31 20:39:09+00:00,9775.29,GBP,IN,SG,MOBILE,WIRE,RETAIL,SYN-DEVICE-1152,SYNTHETIC ORIGIN BANK,SIMULATED NETWORK,SYNTHETIC RECEIVING BANK,SETTLED,threshold,0,0
